drug,file
AMLODIPINE BESYLATE[AMLODIPINE];ATORVASTATIN CALCIUM TRIHYDRATE[ATORVASTATIN];,filtered/633040502.jpg
METFORMIN HYDROCHLORIDE[METFORMIN];,filtered/422910610.jpg
IBUPROFEN[IBUPROFEN];,filtered/433530391.jpg
AMLODIPINE BESYLATE[AMLODIPINE];ATORVASTATIN CALCIUM TRIHYDRATE[ATORVASTATIN];,filtered/000692970.jpg
AMLODIPINE BESYLATE[AMLODIPINE];ATORVASTATIN CALCIUM TRIHYDRATE[ATORVASTATIN];,filtered/000692270.jpg
AMLODIPINE BESYLATE[AMLODIPINE];BENAZEPRIL HYDROCHLORIDE[BENAZEPRILAT];,filtered/005913761.jpg
DICLOFENAC SODIUM[DICLOFENAC];,filtered/00228-2717-11_56232B19.jpg
NIFEDIPINE[NIFEDIPINE];,filtered/50419-0702-05_SPLIMAGE30_531929C9.jpg
LORATADINE[LORATADINE];,filtered/009045728.jpg
HYDROCODONE BITARTRATE[HYDROCODONE];IBUPROFEN[IBUPROFEN];,filtered/006033897.jpg
PIOGLITAZONE HYDROCHLORIDE[PIOGLITAZONE];METFORMIN HYDROCHLORIDE[METFORMIN];,filtered/00781-5626-60_NLMIMAGE10_633EB1C5.jpg
METFORMIN HYDROCHLORIDE[METFORMIN];,filtered/00093104998.jpg
ALISKIREN HEMIFUMARATE[ALISKIREN];AMLODIPINE BESYLATE[AMLODIPINE];,filtered/000780603.jpg
PREDNISOLONE SODIUM PHOSPHATE[PREDNISOLONE];,filtered/59630-0702-48_1E1B8F7C.jpg
NIFEDIPINE[NIFEDIPINE];,filtered/00378-3475-01_6F243791.jpg
SITAGLIPTIN PHOSPHATE[SITAGLIPTIN];METFORMIN HYDROCHLORIDE[METFORMIN];,filtered/000060078.jpg
IBUPROFEN[IBUPROFEN];,filtered/no_product_image.jpg
NIFEDIPINE[NIFEDIPINE];,filtered/5e20a7f1-71ba-4604-e053-2a91aa0af860.jpg
METFORMIN HYDROCHLORIDE[METFORMIN];,filtered/23155-0102-10_NLMIMAGE10_D93DEC8F.jpg
NIFEDIPINE[NIFEDIPINE];,filtered/50419-0701-05_SPLIMAGE30_091904A8.jpg
AMLODIPINE BESYLATE[AMLODIPINE];BENAZEPRIL HYDROCHLORIDE[BENAZEPRILAT];,filtered/007812272.jpg
GLYBURIDE[GLYBURIDE];METFORMIN HYDROCHLORIDE[METFORMIN];,filtered/00093-5710-01_3F2B9FCC.jpg
AMLODIPINE BESYLATE[AMLODIPINE];BENAZEPRIL HYDROCHLORIDE[BENAZEPRILAT];,filtered/68180-0756-01_NLMIMAGE10_473DA3FD.jpg
DOXYCYCLINE HYCLATE[DOXYCYCLINE ANHYDROUS];,filtered/534890119.jpg
METFORMIN HYDROCHLORIDE[METFORMIN];,filtered/62037-0674-10_D108E8C7.jpg
AMLODIPINE BESYLATE[AMLODIPINE];BENAZEPRIL HYDROCHLORIDE[BENAZEPRILAT];,filtered/68180-0758-01_NLMIMAGE10_483DA45D.jpg
CIPROFLOXACIN HYDROCHLORIDE[CIPROFLOXACIN];,filtered/162520514.jpg
OMEPRAZOLE[OMEPRAZOLE];,filtered/605050145.jpg
OMEPRAZOLE[OMEPRAZOLE];,filtered/007812232.jpg
CIPROFLOXACIN HYDROCHLORIDE[CIPROFLOXACIN];CIPROFLOXACIN[CIPROFLOXACIN];,filtered/55111-0422-30_CA15651B.jpg
METFORMIN HYDROCHLORIDE[METFORMIN];,filtered/620370675.jpg
AMLODIPINE BESYLATE[AMLODIPINE];ATORVASTATIN CALCIUM TRIHYDRATE[ATORVASTATIN];,filtered/633040591.jpg
DOXYCYCLINE[DOXYCYCLINE ANHYDROUS];,filtered/005271335.jpg
OMEPRAZOLE[OMEPRAZOLE];,filtered/55111-0159-01_DA0E6D63.jpg
AMLODIPINE BESYLATE[AMLODIPINE];ATORVASTATIN CALCIUM TRIHYDRATE[ATORVASTATIN];,filtered/000692260.jpg
AMLODIPINE BESYLATE[AMLODIPINE];OLMESARTAN MEDOXOMIL[OLMESARTAN];,filtered/655970112.jpg
DICLOFENAC SODIUM[DICLOFENAC];MISOPROSTOL[MISOPROSTOL];,filtered/005910398.jpg
GLIPIZIDE[GLIPIZIDE];METFORMIN HYDROCHLORIDE[METFORMIN];,filtered/005913971.jpg
CIPROFLOXACIN HYDROCHLORIDE[CIPROFLOXACIN];,filtered/001725312.jpg
AMLODIPINE BESYLATE[AMLODIPINE];ATORVASTATIN CALCIUM TRIHYDRATE[ATORVASTATIN];,filtered/000692150.jpg
LORATADINE[LORATADINE];,filtered/309.jpg
AMLODIPINE BESYLATE[AMLODIPINE];VALSARTAN[VALSARTAN];HYDROCHLOROTHIAZIDE[HYDROCHLOROTHIAZIDE];,filtered/00093-7037-56_NLMIMAGE10_7643BB4D.jpg
CIPROFLOXACIN HYDROCHLORIDE[CIPROFLOXACIN];CIPROFLOXACIN[CIPROFLOXACIN];,filtered/003781743.jpg
GLIPIZIDE[GLIPIZIDE];METFORMIN HYDROCHLORIDE[METFORMIN];,filtered/00591-3973-01_4A07A52D.jpg
NIFEDIPINE[NIFEDIPINE];,filtered/005913193.jpg
AMLODIPINE BESYLATE[AMLODIPINE];BENAZEPRIL HYDROCHLORIDE[BENAZEPRILAT];,filtered/005913760.jpg
DICLOFENAC POTASSIUM[DICLOFENAC];,filtered/664790592.jpg
AMLODIPINE BESYLATE[AMLODIPINE];BENAZEPRIL HYDROCHLORIDE[BENAZEPRILAT];,filtered/68180-0760-01_NLMIMAGE10_513DA8DD.jpg
DESLORATADINE[DESLORATADINE];,filtered/764390107.jpg
METFORMIN HYDROCHLORIDE[METFORMIN];,filtered/68180-0337-07_NLMIMAGE10_DE3C6F23.jpg
CIPROFLOXACIN HYDROCHLORIDE[CIPROFLOXACIN];,filtered/003787098.jpg
DICLOFENAC POTASSIUM[DICLOFENAC];,filtered/00093094801.jpg
CIPROFLOXACIN HYDROCHLORIDE[CIPROFLOXACIN];,filtered/16252-0516-05_D61FEB7F.jpg
AMLODIPINE BESYLATE[AMLODIPINE];ATORVASTATIN CALCIUM TRIHYDRATE[ATORVASTATIN];,filtered/43598-0323-30_NLMIMAGE10_38491C78.jpg
NIFEDIPINE[NIFEDIPINE];,filtered/00093-2058-01_NLMIMAGE10_EF35F79F.jpg
METFORMIN HYDROCHLORIDE[METFORMIN];,filtered/000876070.jpg
CIPROFLOXACIN HYDROCHLORIDE[CIPROFLOXACIN];,filtered/00172-5311-60_04280270.jpg
HYDROCODONE BITARTRATE[HYDROCODONE ];IBUPROFEN[IBUPROFEN];,filtered/637170901.jpg
DICLOFENAC SODIUM[DICLOFENAC];,filtered/00591-0676-01_B205591A.jpg
DOXYCYCLINE[DOXYCYCLINE ANHYDROUS];,filtered/23155-0135-25_NLMIMAGE10_2E3A1750.jpg
AMLODIPINE BESYLATE[AMLODIPINE];BENAZEPRIL HYDROCHLORIDE[BENAZEPRILAT];,filtered/65862-0587-01_NLMIMAGE10_33489994.jpg
METFORMIN HYDROCHLORIDE[METFORMIN];,filtered/65862-0008-99_NLMIMAGE10_B044D816.jpg
METFORMIN HYDROCHLORIDE[METFORMIN];,filtered/no_product_image.jpg
DOXYCYCLINE[DOXYCYCLINE ANHYDROUS];,filtered/23155-0133-01_NLMIMAGE10_614B30F9.jpg
METFORMIN HYDROCHLORIDE[METFORMIN];,filtered/596300574.jpg
CIPROFLOXACIN HYDROCHLORIDE[CIPROFLOXACIN];,filtered/55111-0128-50_26051358.jpg
NIFEDIPINE[NIFEDIPINE];,filtered/621750261.jpg
DOXYCYCLINE HYCLATE[DOXYCYCLINE ANHYDROUS];,filtered/005915553.jpg
AMLODIPINE BESYLATE[AMLODIPINE];ATORVASTATIN CALCIUM TRIHYDRATE[ATORVASTATIN];,filtered/597626721.jpg
METFORMIN HYDROCHLORIDE[METFORMIN];,filtered/537460178.jpg
METFORMIN HYDROCHLORIDE[METFORMIN];,filtered/53746-0220-01_NLMIMAGE10_CC44E627.jpg
CIPROFLOXACIN HYDROCHLORIDE[CIPROFLOXACIN];,filtered/83a02505-7395-456b-e053-2991aa0a4528.jpg
METHYLPREDNISOLONE[METHYLPREDNISOLONE];,filtered/000090022.jpg
METFORMIN HYDROCHLORIDE[METFORMIN];,filtered/57664-0474-58_C516E2A7.jpg
AMLODIPINE BESYLATE[AMLODIPINE];,filtered/003785209.jpg
DICLOFENAC SODIUM[DICLOFENAC];,filtered/003780355.jpg
PIOGLITAZONE HYDROCHLORIDE[PIOGLITAZONE];METFORMIN HYDROCHLORIDE[METFORMIN];,filtered/00093-5050-06_992D4C9A.jpg
AMLODIPINE BESYLATE[AMLODIPINE];BENAZEPRIL HYDROCHLORIDE[BENAZEPRILAT];,filtered/68180-0759-01_NLMIMAGE10_3C3E9E74.jpg
IBUPROFEN[IBUPROFEN];,filtered/551110684.jpg
NIFEDIPINE[NIFEDIPINE];,filtered/000935173.jpg
ALISKIREN HEMIFUMARATE[ALISKIREN];AMLODIPINE BESYLATE[AMLODIPINE];,filtered/000780606.jpg
HYDROCODONE BITARTRATE[HYDROCODONE];IBUPROFEN[IBUPROFEN];,filtered/00093-5161-01_NLMIMAGE10_6342B1C5.jpg
AMLODIPINE BESYLATE[AMLODIPINE];VALSARTAN[VALSARTAN];,filtered/000780488.jpg
AMLODIPINE BESYLATE[AMLODIPINE];ATORVASTATIN CALCIUM TRIHYDRATE[ATORVASTATIN];,filtered/000692190.jpg
GLYBURIDE[GLYBURIDE];METFORMIN HYDROCHLORIDE[METFORMIN];,filtered/65862-0081-05_NLMIMAGE10_E83EF427.jpg
ALISKIREN HEMIFUMARATE[ALISKIREN];AMLODIPINE BESYLATE[AMLODIPINE];HYDROCHLOROTHIAZIDE[HYDROCHLOROTHIAZIDE];,filtered/000780611.jpg
GLIPIZIDE[GLIPIZIDE];METFORMIN HYDROCHLORIDE[METFORMIN];,filtered/00093745501.jpg
CIPROFLOXACIN HYDROCHLORIDE[CIPROFLOXACIN];,filtered/83a0206a-9511-1824-e053-2a91aa0a0a05.jpg
AMLODIPINE BESYLATE[AMLODIPINE];ATORVASTATIN CALCIUM TRIHYDRATE[ATORVASTATIN];,filtered/000692980.jpg
NIFEDIPINE[NIFEDIPINE];,filtered/000930819.jpg
AMLODIPINE BESYLATE[AMLODIPINE];ATORVASTATIN CALCIUM TRIHYDRATE[ATORVASTATIN];,filtered/00069-2180-30_41132099.jpg
SAXAGLIPTIN HYDROCHLORIDE[SAXAGLIPTIN ANHYDROUS];METFORMIN HYDROCHLORIDE[METFORMIN];,filtered/000034223.jpg
AMLODIPINE BESYLATE[AMLODIPINE];VALSARTAN[VALSARTAN];HYDROCHLOROTHIAZIDE[HYDROCHLOROTHIAZIDE];,filtered/007815771.jpg
METHYLPREDNISOLONE[METHYLPREDNISOLONE];,filtered/00603-4593-21_7E12BF45.jpg
ESOMEPRAZOLE MAGNESIUM[ESOMEPRAZOLE];,filtered/55111-0493-30_NLMIMAGE10_7A493D79.jpg
SITAGLIPTIN PHOSPHATE[SITAGLIPTIN];METFORMIN HYDROCHLORIDE[METFORMIN];,filtered/00006-0575-61_19160CE0.jpg
DOXYCYCLINE HYCLATE[DOXYCYCLINE ANHYDROUS];,filtered/53489-0647-01_2815945C.jpg
AMLODIPINE BESYLATE[AMLODIPINE];,filtered/no_product_image.jpg
NAPROXEN[NAPROXEN];ESOMEPRAZOLE MAGNESIUM[ESOMEPRAZOLE];,filtered/001860510.jpg
AMLODIPINE BESYLATE[AMLODIPINE];ATORVASTATIN CALCIUM TRIHYDRATE[ATORVASTATIN];,filtered/43598-0316-30_NLMIMAGE10_F63FFB6F.jpg
AMLODIPINE BESYLATE[AMLODIPINE];VALSARTAN[VALSARTAN];HYDROCHLOROTHIAZIDE[HYDROCHLOROTHIAZIDE];,filtered/000780560.jpg
AMLODIPINE BESYLATE[AMLODIPINE];ATORVASTATIN CALCIUM TRIHYDRATE[ATORVASTATIN];,filtered/000692160.jpg
AMLODIPINE BESYLATE[AMLODIPINE];OLMESARTAN MEDOXOMIL[OLMESARTAN];,filtered/655970111.jpg
GLYBURIDE[GLYBURIDE];METFORMIN HYDROCHLORIDE[METFORMIN];,filtered/65862-0082-05_NLMIMAGE10_00468004.jpg
AMLODIPINE BESYLATE[AMLODIPINE];ATORVASTATIN CALCIUM TRIHYDRATE[ATORVASTATIN];,filtered/003786165.jpg
METFORMIN HYDROCHLORIDE[METFORMIN];,filtered/57664-0397-51_CB08E5C7.jpg
AMLODIPINE BESYLATE[AMLODIPINE];VALSARTAN[VALSARTAN];HYDROCHLOROTHIAZIDE[HYDROCHLOROTHIAZIDE];,filtered/007815760.jpg
METHYLPREDNISOLONE[METHYLPREDNISOLONE];,filtered/519910188.jpg
METFORMIN HYDROCHLORIDE[METFORMIN];,filtered/00093721498.jpg
ESOMEPRAZOLE MAGNESIUM DIHYDRATE[ESOMEPRAZOLE];,filtered/00093-6451-56_NLMIMAGE10_54402A41.jpg
DOXYCYCLINE[DOXYCYCLINE ANHYDROUS];,filtered/16110-0075-01_NLMIMAGE10_D21FE93F.jpg
METFORMIN HYDROCHLORIDE[METFORMIN];,filtered/604290112.jpg
AMLODIPINE BESYLATE[AMLODIPINE];ATORVASTATIN CALCIUM TRIHYDRATE[ATORVASTATIN];,filtered/003786162.jpg
DOXYCYCLINE[DOXYCYCLINE ANHYDROUS];,filtered/00527-1535-01_NLMIMAGE10_20471008.jpg
AMLODIPINE BESYLATE[AMLODIPINE];BENAZEPRIL HYDROCHLORIDE[BENAZEPRILAT];,filtered/55111-0341-01_NLMIMAGE10_C238E107.jpg
NIFEDIPINE[NIFEDIPINE],filtered/00093-1023-01_NLMIMAGE10_EB35F58F.jpg
AMLODIPINE BESYLATE[AMLODIPINE];VALSARTAN[VALSARTAN];,filtered/00093-7690-56_NLMIMAGE10_8C43C65E.jpg
METFORMIN HYDROCHLORIDE[METFORMIN];,filtered/13913-0003-16_8615C30E.jpg
ESOMEPRAZOLE MAGNESIUM[ESOMEPRAZOLE];,filtered/001865022.jpg
OMEPRAZOLE[OMEPRAZOLE];,filtered/60505-0146-00_SPLIMAGE30_46292339.jpg
CIPROFLOXACIN HYDROCHLORIDE[CIPROFLOXACIN];,filtered/246580250.jpg
AMLODIPINE BESYLATE[AMLODIPINE];VALSARTAN[VALSARTAN];,filtered/00378-1723-93_NLMIMAGE10_E348F1E7.jpg
AMLODIPINE BESYLATE[AMLODIPINE];ATORVASTATIN CALCIUM TRIHYDRATE[ATORVASTATIN];,filtered/003786170.jpg
DOXYCYCLINE[DOXYCYCLINE ANHYDROUS];,filtered/10337-0815-06_7203B95D.jpg
DOXYCYCLINE HYCLATE[DOXYCYCLINE ANHYDROUS];,filtered/246580220.jpg
OMEPRAZOLE[OMEPRAZOLE];SODIUM BICARBONATE[BICARBONATE ION];,filtered/669930413.jpg
AMLODIPINE BESYLATE[AMLODIPINE];ATORVASTATIN CALCIUM TRIHYDRATE[ATORVASTATIN];,filtered/003786168.jpg
METFORMIN HYDROCHLORIDE[METFORMIN];,filtered/605050260.jpg
SITAGLIPTIN PHOSPHATE[SITAGLIPTIN];METFORMIN HYDROCHLORIDE[METFORMIN];,filtered/000060081.jpg
METFORMIN HYDROCHLORIDE[METFORMIN];,filtered/43547-0248-50_10050818.jpg
AMLODIPINE BESYLATE[AMLODIPINE];,filtered/006032108.jpg
OMEPRAZOLE[OMEPRAZOLE];,filtered/003785222.jpg
CIPROFLOXACIN HYDROCHLORIDE[CIPROFLOXACIN];,filtered/165710412.jpg
AMLODIPINE BESYLATE[AMLODIPINE];ATORVASTATIN CALCIUM TRIHYDRATE[ATORVASTATIN];,filtered/633040588.jpg
OLMESARTAN MEDOXOMIL[OLMESARTAN];AMLODIPINE BESYLATE[AMLODIPINE];HYDROCHLOROTHIAZIDE[HYDROCHLOROTHIAZIDE];,filtered/65597-0114-30_7C1DBE6D.jpg
DICLOFENAC SODIUM[DICLOFENAC];,filtered/61442-0103-01_NLMIMAGE10_BA39DD6E.jpg
AMLODIPINE BESYLATE[AMLODIPINE];VALSARTAN[VALSARTAN];HYDROCHLOROTHIAZIDE[HYDROCHLOROTHIAZIDE];,filtered/007815787.jpg
DOXYCYCLINE HYCLATE[DOXYCYCLINE ANHYDROUS];,filtered/00143-3142-05_E005702B.jpg
METFORMIN HYDROCHLORIDE[METFORMIN];,filtered/001850213.jpg
CIPROFLOXACIN HYDROCHLORIDE[CIPROFLOXACIN];,filtered/165710411.jpg
OMEPRAZOLE[OMEPRAZOLE];,filtered/433530829.jpg
DICLOFENAC POTASSIUM[DICLOFENAC];,filtered/00781-5017-01_AD0556AA.jpg
GLYBURIDE[GLYBURIDE];METFORMIN HYDROCHLORIDE[METFORMIN];,filtered/002282752.jpg
ESOMEPRAZOLE MAGNESIUM[ESOMEPRAZOLE];,filtered/001865042.jpg
PIOGLITAZONE HYDROCHLORIDE[PIOGLITAZONE];METFORMIN HYDROCHLORIDE[METFORMIN];,filtered/647640310.jpg
DICLOFENAC SODIUM[DICLOFENAC];,filtered/007811381.jpg
METFORMIN HYDROCHLORIDE[METFORMIN];,filtered/246580292.jpg
DOXYCYCLINE HYCLATE[DOXYCYCLINE ANHYDROUS];,filtered/005915440.jpg
CIPROFLOXACIN HYDROCHLORIDE[CIPROFLOXACIN];,filtered/65862-0077-01_6408B265.jpg
AMLODIPINE BESYLATE[AMLODIPINE];BENAZEPRIL HYDROCHLORIDE[BENAZEPRILAT];,filtered/005913762.jpg
AMLODIPINE BESYLATE[AMLODIPINE];VALSARTAN[VALSARTAN];,filtered/000780489.jpg
NIFEDIPINE[NIFEDIPINE];,filtered/621750260.jpg
NIFEDIPINE[NIFEDIPINE];,filtered/005913194.jpg
METFORMIN HYDROCHLORIDE[METFORMIN];,filtered/13913-0002-13_5007A82D.jpg
IBUPROFEN[IBUPROFEN];,filtered/494b88fa-a2bd-4835-e054-00144ff8d46c.jpg
GLYBURIDE[GLYBURIDE];METFORMIN HYDROCHLORIDE[METFORMIN];,filtered/00228-2751-11_6207B15D.jpg
OMEPRAZOLE[OMEPRAZOLE];SODIUM BICARBONATE[BICARBONATE ION];,filtered/49884-0455-11_NLMIMAGE10_D80E6C13.jpg
ESOMEPRAZOLE MAGNESIUM[ESOMEPRAZOLE];,filtered/00186-5040-31_FD1D7EDB.jpg
DESLORATADINE[DESLORATADINE];,filtered/003784017.jpg
OLMESARTAN MEDOXOMIL[OLMESARTAN];AMLODIPINE BESYLATE[AMLODIPINE];HYDROCHLOROTHIAZIDE[HYDROCHLOROTHIAZIDE];,filtered/655970117.jpg
DOXYCYCLINE HYCLATE[DOXYCYCLINE ANHYDROUS];,filtered/003780145.jpg
AMLODIPINE BESYLATE[AMLODIPINE];,filtered/683820123.jpg
DESLORATADINE[DESLORATADINE];,filtered/62756-0523-88_NLMIMAGE10_2A3A1510.jpg
PIOGLITAZONE HYDROCHLORIDE[PIOGLITAZONE];METFORMIN HYDROCHLORIDE[METFORMIN];,filtered/00093-7678-06_NLMIMAGE10_4D43A6AD.jpg
OLMESARTAN MEDOXOMIL[OLMESARTAN];AMLODIPINE BESYLATE[AMLODIPINE];HYDROCHLOROTHIAZIDE[HYDROCHLOROTHIAZIDE];,filtered/655970116.jpg
AMLODIPINE BESYLATE[AMLODIPINE];BENAZEPRIL HYDROCHLORIDE[BENAZEPRILAT];,filtered/007812271.jpg
NIFEDIPINE[NIFEDIPINE];,filtered/50419-0703-05_SPLIMAGE30_4F1927B9.jpg
AMLODIPINE BESYLATE[AMLODIPINE];OLMESARTAN MEDOXOMIL[OLMESARTAN];,filtered/655970113.jpg
METFORMIN HYDROCHLORIDE[METFORMIN];,filtered/000876064.jpg
NIFEDIPINE[NIFEDIPINE];,filtered/003780353.jpg
AMLODIPINE BESYLATE[AMLODIPINE];,filtered/006032109.jpg
DOXYCYCLINE HYCLATE[DOXYCYCLINE ANHYDROUS];,filtered/001433141.jpg
AMLODIPINE BESYLATE[AMLODIPINE];,filtered/762820237.jpg
AMLODIPINE BESYLATE[AMLODIPINE];VALSARTAN[VALSARTAN];,filtered/000780490.jpg
DICLOFENAC SODIUM[DICLOFENAC];,filtered/00781-1787-01_BA235D2A.jpg
AMLODIPINE[AMLODIPINE];VALSARTAN[VALSARTAN];,filtered/49884-0577-11_NLMIMAGE10_8E3EC726.jpg
DICLOFENAC SODIUM[DICLOFENAC];,filtered/00228-2551-06_6A233509.jpg
AMLODIPINE BESYLATE[AMLODIPINE];BENAZEPRIL HYDROCHLORIDE[BENAZEPRILAT];,filtered/00078-0384-05_052102A8.jpg
DICLOFENAC SODIUM[DICLOFENAC ];,filtered/16571-0201-11_NLMIMAGE10_B205597A.jpg
DOXYCYCLINE HYCLATE[DOXYCYCLINE ANHYDROUS];,filtered/534890118.jpg
AMLODIPINE BESYLATE[AMLODIPINE];VALSARTAN[VALSARTAN];,filtered/00378-1721-93_NLMIMAGE10_DB48ED97.jpg
NIFEDIPINE[NIFEDIPINE];,filtered/59762-6692-03_A0085022.jpg
IBUPROFEN[IBUPROFEN];,filtered/53746-0464-05_1007884C.jpg
METFORMIN HYDROCHLORIDE[METFORMIN];,filtered/23155-0104-10_NLMIMAGE10_743C3A71.jpg
AMLODIPINE BESYLATE[AMLODIPINE];BENAZEPRIL HYDROCHLORIDE[BENAZEPRILAT];,filtered/65862-0584-01_NLMIMAGE10_6439B24D.jpg
PREDNISOLONE[PREDNISOLONE];,filtered/16477-0505-01_851B42CA.jpg
METFORMIN HYDROCHLORIDE[METFORMIN];,filtered/422910606.jpg
CIPROFLOXACIN HYDROCHLORIDE[CIPROFLOXACIN];,filtered/605051309.jpg
AMLODIPINE BESYLATE[AMLODIPINE];BENAZEPRIL HYDROCHLORIDE[BENAZEPRILAT];,filtered/00093737201.jpg
IBUPROFEN[IBUPROFEN];,filtered/009047915.jpg
AMLODIPINE BESYLATE[AMLODIPINE];BENAZEPRIL HYDROCHLORIDE[BENAZEPRILAT];,filtered/55111-0586-01_NLMIMAGE10_6439B27D.jpg
METFORMIN HYDROCHLORIDE[METFORMIN];,filtered/00093-7267-01_DF2FEFEF.jpg
DICLOFENAC SODIUM[DICLOFENAC];MISOPROSTOL[MISOPROSTOL];,filtered/005910397.jpg
DOXYCYCLINE HYCLATE[DOXYCYCLINE ANHYDROUS];,filtered/422910249.jpg
DOXYCYCLINE HYCLATE[DOXYCYCLINE ANHYDROUS];,filtered/00430-0115-20_NLMIMAGE10_E63AF317.jpg
METHYLPREDNISOLONE[METHYLPREDNISOLONE];,filtered/597460002.jpg
DICLOFENAC SODIUM[DICLOFENAC];MISOPROSTOL[MISOPROSTOL];,filtered/00025-1421-60_CA12E557.jpg
AMLODIPINE BESYLATE[AMLODIPINE];BENAZEPRIL HYDROCHLORIDE[BENAZEPRILAT];,filtered/65862-0583-01_NLMIMAGE10_6039B03D.jpg
METFORMIN HYDROCHLORIDE[METFORMIN];,filtered/001850215.jpg
AMLODIPINE BESYLATE[AMLODIPINE];ATORVASTATIN CALCIUM TRIHYDRATE[ATORVASTATIN];,filtered/597626731.jpg
AMLODIPINE BESYLATE[AMLODIPINE];ATORVASTATIN CALCIUM TRIHYDRATE[ATORVASTATIN];,filtered/000692960.jpg
METFORMIN HYDROCHLORIDE[METFORMIN];,filtered/00087-6060-05_4D07A6DD.jpg
NIFEDIPINE[NIFEDIPINE],filtered/677670153.jpg
AMLODIPINE BESYLATE[AMLODIPINE];,filtered/no_product_image.jpg
DOXYCYCLINE[DOXYCYCLINE ANHYDROUS];,filtered/849d2a72-36c2-baca-e053-2a91aa0a1d14.jpg
ALISKIREN HEMIFUMARATE[ALISKIREN];AMLODIPINE BESYLATE[AMLODIPINE];HYDROCHLOROTHIAZIDE[HYDROCHLOROTHIAZIDE];,filtered/000780614.jpg
AMLODIPINE BESYLATE[AMLODIPINE];BENAZEPRIL HYDROCHLORIDE[BENAZEPRILAT];,filtered/003786898.jpg
AMLODIPINE BESYLATE[AMLODIPINE];,filtered/597621520.jpg
IBUPROFEN[IBUPROFEN];,filtered/53746-0466-05_8B0845D2.jpg
DOXYCYCLINE[DOXYCYCLINE ANHYDROUS];,filtered/00591-0411-50_DB056DEB.jpg
GLYBURIDE[GLYBURIDE];METFORMIN HYDROCHLORIDE[METFORMIN];,filtered/000876072.jpg
OMEPRAZOLE[OMEPRAZOLE];,filtered/55111-0158-10_NLMIMAGE10_BD38DEF6.jpg
ALISKIREN HEMIFUMARATE[ALISKIREN];AMLODIPINE BESYLATE[AMLODIPINE];,filtered/000780605.jpg
AMLODIPINE BESYLATE[AMLODIPINE];ATORVASTATIN CALCIUM TRIHYDRATE[ATORVASTATIN];,filtered/000692170.jpg
AMLODIPINE BESYLATE[AMLODIPINE];,filtered/605050193.jpg
METFORMIN HYDROCHLORIDE[METFORMIN];,filtered/57664-0435-58_C916E487.jpg
CIPROFLOXACIN HYDROCHLORIDE[CIPROFLOXACIN];,filtered/605051310.jpg
NIFEDIPINE[NIFEDIPINE];,filtered/498840677.jpg
METFORMIN HYDROCHLORIDE[METFORMIN];,filtered/605050190.jpg
DICLOFENAC SODIUM[DICLOFENAC];,filtered/00591-0338-01_AC05561A.jpg
METFORMIN HYDROCHLORIDE[METFORMIN];,filtered/62037-0571-10_D408EA17.jpg
AMLODIPINE BESYLATE[AMLODIPINE];ATORVASTATIN CALCIUM TRIHYDRATE[ATORVASTATIN];,filtered/003786171.jpg
NIFEDIPINE[NIFEDIPINE];,filtered/650b510b-52a3-4d63-e053-2a91aa0a9915.jpg
DOXYCYCLINE HYCLATE[DOXYCYCLINE ANHYDROUS];,filtered/00430-0114-20_NLMIMAGE10_1A3A0D30.jpg
AMLODIPINE BESYLATE[AMLODIPINE];VALSARTAN[VALSARTAN];HYDROCHLOROTHIAZIDE[HYDROCHLOROTHIAZIDE];,filtered/007815794.jpg
METFORMIN HYDROCHLORIDE[METFORMIN];,filtered/6e7691d8-5062-6212-e053-2a91aa0ab86d.jpg
METFORMIN HYDROCHLORIDE[METFORMIN];,filtered/605051329.jpg
OMEPRAZOLE[OMEPRAZOLE];,filtered/62037-0640-30_19268CC4.jpg
METHYLPREDNISOLONE[METHYLPREDNISOLONE];,filtered/597460015.jpg
HYDROCODONE BITARTRATE[HYDROCODONE];IBUPROFEN[IBUPROFEN];,filtered/000742277.jpg
AMLODIPINE BESYLATE[AMLODIPINE];ATORVASTATIN CALCIUM TRIHYDRATE[ATORVASTATIN];,filtered/000692250.jpg
ALBENDAZOLE[ALBENDAZOLE];,filtered/520540550.jpg
AMLODIPINE BESYLATE[AMLODIPINE];VALSARTAN[VALSARTAN];,filtered/000780491.jpg
LORATADINE[LORATADINE];,filtered/605050147.jpg
AMLODIPINE BESYLATE[AMLODIPINE];BENAZEPRIL HYDROCHLORIDE[BENAZEPRILAT];,filtered/00093737101.jpg
LORATADINE[LORATADINE];,filtered/458020650.jpg
AMLODIPINE BESYLATE[AMLODIPINE];ATORVASTATIN CALCIUM TRIHYDRATE[ATORVASTATIN];,filtered/43598-0319-30_NLMIMAGE10_E43FF26F.jpg
HYDROCODONE BITARTRATE[HYDROCODONE];IBUPROFEN[IBUPROFEN];,filtered/537460116.jpg
DOXYCYCLINE[DOXYCYCLINE ANHYDROUS];,filtered/00527-1537-30_2215915C.jpg
AMLODIPINE BESYLATE[AMLODIPINE];,filtered/67877-0197-05_NLMIMAGE10_914948BA.jpg
DICLOFENAC SODIUM[DICLOFENAC];,filtered/00093-1041-01_C429E27F.jpg
DICLOFENAC POTASSIUM[DICLOFENAC];,filtered/139130008.jpg
AMLODIPINE BESYLATE[AMLODIPINE];ATORVASTATIN CALCIUM TRIHYDRATE[ATORVASTATIN];,filtered/003786164.jpg
PIOGLITAZONE HYDROCHLORIDE[PIOGLITAZONE];METFORMIN HYDROCHLORIDE[METFORMIN];,filtered/003781575.jpg
AMLODIPINE BESYLATE[AMLODIPINE];ATORVASTATIN CALCIUM TRIHYDRATE[ATORVASTATIN];,filtered/003786161.jpg
AMLODIPINE BESYLATE[AMLODIPINE];BENAZEPRIL HYDROCHLORIDE[BENAZEPRILAT];,filtered/007812274.jpg
PIOGLITAZONE HYDROCHLORIDE[PIOGLITAZONE];METFORMIN HYDROCHLORIDE[METFORMIN];,filtered/00093-5049-06_A22D511A.jpg
CIPROFLOXACIN HYDROCHLORIDE[CIPROFLOXACIN];,filtered/165710413.jpg
ESOMEPRAZOLE STRONTIUM[ESOMEPRAZOLE];,filtered/651620957.jpg
AMLODIPINE BESYLATE[AMLODIPINE];VALSARTAN[VALSARTAN];HYDROCHLOROTHIAZIDE[HYDROCHLOROTHIAZIDE];,filtered/00093-7810-56_NLMIMAGE10_5B43AD9D.jpg
DOXYCYCLINE[DOXYCYCLINE ANHYDROUS];,filtered/498840726.jpg
AMLODIPINE BESYLATE[AMLODIPINE];BENAZEPRIL HYDROCHLORIDE[BENAZEPRILAT];,filtered/000780364.jpg
AMLODIPINE BESYLATE[AMLODIPINE];,filtered/00093-7167-98_6129B0CD.jpg
AMLODIPINE BESYLATE[AMLODIPINE];,filtered/29300-0241-10_NLMIMAGE10_AF3DD7BE.jpg
SITAGLIPTIN PHOSPHATE[SITAGLIPTIN];METFORMIN HYDROCHLORIDE[METFORMIN];,filtered/00006-0577-61_1C160E30.jpg
AMLODIPINE BESYLATE[AMLODIPINE];BENAZEPRIL HYDROCHLORIDE[BENAZEPRILAT];,filtered/55111-0587-01_NLMIMAGE10_FB3AFD97.jpg
AMLODIPINE BESYLATE[AMLODIPINE];,filtered/000691530.jpg
LINAGLIPTIN[LINAGLIPTIN];METFORMIN HYDROCHLORIDE[METFORMIN];,filtered/005970147.jpg
DICLOFENAC SODIUM[DICLOFENAC];MISOPROSTOL[MISOPROSTOL];,filtered/597620029.jpg
AMLODIPINE BESYLATE[AMLODIPINE];,filtered/651620007.jpg
METHYLPREDNISOLONE[METHYLPREDNISOLONE];,filtered/597624440.jpg
DOXYCYCLINE HYCLATE[DOXYCYCLINE ANHYDROUS];,filtered/002282895.jpg
DOXYCYCLINE[DOXYCYCLINE ANHYDROUS];,filtered/005910410.jpg
IBUPROFEN[IBUPROFEN];,filtered/67877-0294-05_NLMIMAGE10_9140C8C6.jpg
REPAGLINIDE[REPAGLINIDE];METFORMIN HYDROCHLORIDE[METFORMIN];,filtered/001690092.jpg
PREDNISOLONE[PREDNISOLONE];,filtered/235940505.jpg
HYDROCODONE BITARTRATE[HYDROCODONE];IBUPROFEN[IBUPROFEN];,filtered/637170902.jpg
METFORMIN HYDROCHLORIDE[METFORMIN];,filtered/651620218.jpg
HYDROCODONE BITARTRATE[HYDROCODONE ];IBUPROFEN[IBUPROFEN];,filtered/637170900.jpg
AMLODIPINE BESYLATE[AMLODIPINE];BENAZEPRIL HYDROCHLORIDE[BENAZEPRILAT];,filtered/007812273.jpg
AMLODIPINE BESYLATE[AMLODIPINE];,filtered/008320043.jpg
DICLOFENAC POTASSIUM[DICLOFENAC];,filtered/003782474.jpg
AMLODIPINE BESYLATE[AMLODIPINE];VALSARTAN[VALSARTAN];HYDROCHLOROTHIAZIDE[HYDROCHLOROTHIAZIDE];,filtered/000780561.jpg
METFORMIN HYDROCHLORIDE[METFORMIN];,filtered/43547-0249-50_C808E417.jpg
IBUPROFEN[IBUPROFEN];,filtered/67877-0295-05_NLMIMAGE10_9640CB36.jpg
AMLODIPINE BESYLATE[AMLODIPINE];VALSARTAN[VALSARTAN];,filtered/00093-7693-56_NLMIMAGE10_9F43CF8E.jpg
DOXYCYCLINE HYCLATE[DOXYCYCLINE ANHYDROUS];,filtered/674050650.jpg
AMLODIPINE BESYLATE[AMLODIPINE];ATORVASTATIN CALCIUM TRIHYDRATE[ATORVASTATIN];,filtered/633040501.jpg
METFORMIN HYDROCHLORIDE[METFORMIN];,filtered/68462-0160-01_B123D88E.jpg
METHYLPREDNISOLONE[METHYLPREDNISOLONE];,filtered/000090020.jpg
METFORMIN HYDROCHLORIDE[METFORMIN];PIOGLITAZONE HYDROCHLORIDE[PIOGLITAZONE];,filtered/13668-0280-60_NLMIMAGE10_7D413EB9.jpg
NAPROXEN[NAPROXEN];ESOMEPRAZOLE MAGNESIUM[ESOMEPRAZOLE];,filtered/759870031.jpg
IBUPROFEN[IBUPROFEN];,filtered/009047912.jpg
DOXYCYCLINE HYCLATE[DOXYCYCLINE ANHYDROUS];,filtered/64720-0152-10_2615930C.jpg
AMLODIPINE BESYLATE[AMLODIPINE];,filtered/008320044.jpg
AMLODIPINE BESYLATE[AMLODIPINE];BENAZEPRIL HYDROCHLORIDE[BENAZEPRILAT];,filtered/55111-0340-01_7303B98D.jpg
METFORMIN HYDROCHLORIDE[METFORMIN];,filtered/246580290.jpg
OLMESARTAN MEDOXOMIL[OLMESARTAN];AMLODIPINE BESYLATE[AMLODIPINE];HYDROCHLOROTHIAZIDE[HYDROCHLOROTHIAZIDE];,filtered/65597-0115-90_1F1D8FEC.jpg
DICLOFENAC POTASSIUM[DICLOFENAC];,filtered/605050135.jpg
IBUPROFEN[IBUPROFEN];FAMOTIDINE[FAMOTIDINE];,filtered/75987-0010-03_NLMIMAGE10_B439DA0E.jpg
DOXYCYCLINE[DOXYCYCLINE ANHYDROUS];,filtered/498840727.jpg
AMLODIPINE BESYLATE[AMLODIPINE];VALSARTAN[VALSARTAN];HYDROCHLOROTHIAZIDE[HYDROCHLOROTHIAZIDE];,filtered/00093-7038-56_NLMIMAGE10_B63FDB5E.jpg
NIFEDIPINE[NIFEDIPINE];,filtered/00378-3482-01_3023980C.jpg
AMLODIPINE BESYLATE[AMLODIPINE];BENAZEPRIL HYDROCHLORIDE[BENAZEPRILAT];,filtered/68180-0757-01_NLMIMAGE10_553DAAED.jpg
CIPROFLOXACIN HYDROCHLORIDE[CIPROFLOXACIN];,filtered/60505-1308_4F21A7DD.jpg
METFORMIN HYDROCHLORIDE[METFORMIN];,filtered/00093104898.jpg
NIFEDIPINE[NIFEDIPINE];,filtered/003780390.jpg
GLIPIZIDE[GLIPIZIDE];METFORMIN HYDROCHLORIDE[METFORMIN];,filtered/00093745601.jpg
AMLODIPINE BESYLATE[AMLODIPINE];,filtered/00069-1540-68_BB1C5DE2.jpg
NAPROXEN[NAPROXEN];ESOMEPRAZOLE MAGNESIUM[ESOMEPRAZOLE];,filtered/759870030.jpg
DOXYCYCLINE HYCLATE[DOXYCYCLINE ANHYDROUS];,filtered/683080775.jpg
AMLODIPINE BESYLATE[AMLODIPINE];BENAZEPRIL HYDROCHLORIDE[BENAZEPRILAT];,filtered/005913759.jpg
METFORMIN HYDROCHLORIDE[METFORMIN];,filtered/680120003.jpg
DOXYCYCLINE HYCLATE[DOXYCYCLINE ANHYDROUS];,filtered/001432112.jpg
METHYLPREDNISOLONE[METHYLPREDNISOLONE];,filtered/597620049.jpg
METFORMIN HYDROCHLORIDE[METFORMIN];,filtered/68462-0159-01_9A23CD1E.jpg
SAXAGLIPTIN HYDROCHLORIDE[SAXAGLIPTIN ANHYDROUS];METFORMIN HYDROCHLORIDE[METFORMIN];,filtered/003106125.jpg
LORATADINE[LORATADINE];,filtered/309.jpg
SITAGLIPTIN PHOSPHATE[SITAGLIPTIN];METFORMIN HYDROCHLORIDE[METFORMIN];,filtered/000060080.jpg
AMLODIPINE BESYLATE[AMLODIPINE];ATORVASTATIN CALCIUM TRIHYDRATE[ATORVASTATIN];,filtered/597626730.jpg
OMEPRAZOLE[OMEPRAZOLE];,filtered/621750136.jpg
METFORMIN HYDROCHLORIDE[METFORMIN];,filtered/604290113.jpg
DOXYCYCLINE HYCLATE[DOXYCYCLINE ANHYDROUS];,filtered/672530388.jpg
AMLODIPINE BESYLATE[AMLODIPINE];,filtered/762820238.jpg
DOXYCYCLINE[DOXYCYCLINE ANHYDROUS];,filtered/49884-0093-03_EE05777B.jpg
NIFEDIPINE[NIFEDIPINE];,filtered/433530836.jpg
CIPROFLOXACIN HYDROCHLORIDE[CIPROFLOXACIN];,filtered/001439927.jpg
DOXYCYCLINE HYCLATE[DOXYCYCLINE ANHYDROUS],filtered/001723626.jpg
DOXYCYCLINE[DOXYCYCLINE ANHYDROUS];,filtered/49884-0236-11_FF057FEB.jpg
NIFEDIPINE[NIFEDIPINE];,filtered/00228-2497-10_910848D2.jpg
GLIPIZIDE[GLIPIZIDE];METFORMIN HYDROCHLORIDE[METFORMIN];,filtered/00093745701.jpg
CIPROFLOXACIN HYDROCHLORIDE[CIPROFLOXACIN];,filtered/604290742.jpg
"CIPROFLOXACIN HYDROCHLORIDE[CIPROFLOXACIN];SILICON DIOXIDE[];STARCH, CORN[];MODIFIED CORN STARCH (1-OCTENYL SUCCINIC ANHYDRIDE)[];MAGNESIUM STEARATE[];MICROCRYSTALLINE CELLULOSE[];SODIUM STARCH GLYCOLATE TYPE A CORN[];HYPROMELLOSE, UNSPECIFIED[];TITANIUM DIOXIDE[];POLYETHYLENE GLYCOL, UNSPECIFIED[];",filtered/83a02505-7395-456b-e053-2991aa0a4528.jpg
DOXYCYCLINE HYCLATE[DOXYCYCLINE ANHYDROUS];,filtered/534890120.jpg
METFORMIN HYDROCHLORIDE[METFORMIN];,filtered/605050191.jpg
DICLOFENAC SODIUM[DICLOFENAC];MISOPROSTOL[MISOPROSTOL];,filtered/42367-0111-06_NLMIMAGE10_AB48D5F6.jpg
AMLODIPINE BESYLATE[AMLODIPINE];,filtered/651620008.jpg
METFORMIN HYDROCHLORIDE[METFORMIN];,filtered/658620010.jpg
METFORMIN HYDROCHLORIDE[METFORMIN];,filtered/6e783ec1-6f0b-7e66-e053-2a91aa0a694f.jpg
PIOGLITAZONE HYDROCHLORIDE[PIOGLITAZONE];METFORMIN HYDROCHLORIDE[METFORMIN];,filtered/647640155.jpg
AMLODIPINE BESYLATE[AMLODIPINE];,filtered/003785210.jpg
AMLODIPINE BESYLATE[AMLODIPINE];BENAZEPRIL HYDROCHLORIDE[BENAZEPRILAT];,filtered/00078-0379-05_6115B0AD.jpg
PIOGLITAZONE HYDROCHLORIDE[PIOGLITAZONE];METFORMIN HYDROCHLORIDE[METFORMIN];,filtered/00781-5627-60_NLMIMAGE10_6E3EB735.jpg
AMLODIPINE BESYLATE[AMLODIPINE];,filtered/009046175.jpg
METFORMIN HYDROCHLORIDE[METFORMIN],filtered/003780244.jpg
CIPROFLOXACIN HYDROCHLORIDE[CIPROFLOXACIN];,filtered/00085-1758-01_SPLIMAGE30_051902F8.jpg
OMEPRAZOLE MAGNESIUM[OMEPRAZOLE];,filtered/001860606.jpg
GLYBURIDE[GLYBURIDE];METFORMIN HYDROCHLORIDE[METFORMIN];,filtered/00093-5712-05_6807B45D.jpg
NIFEDIPINE[NIFEDIPINE];,filtered/650b510b-52a3-4d63-e053-2a91aa0a9915.jpg
DOXYCYCLINE HYCLATE[DOXYCYCLINE ANHYDROUS];,filtered/00143-9803-50_NLMIMAGE10_1D458EBC.jpg
DICLOFENAC SODIUM[DICLOFENAC];,filtered/007811785.jpg
NIFEDIPINE[NIFEDIPINE];,filtered/003780494.jpg
PREDNISOLONE SODIUM PHOSPHATE[PREDNISOLONE];,filtered/59630-0701-48_D916EC97.jpg
AMLODIPINE BESYLATE[AMLODIPINE];BENAZEPRIL HYDROCHLORIDE[BENAZEPRILAT];,filtered/00093767001.jpg
DIPHENHYDRAMINE HYDROCHLORIDE[DIPHENHYDRAMINE];IBUPROFEN[IBUPROFEN];,filtered/50844-0611-19_NLMIMAGE10_903BC81E.jpg
METFORMIN HYDROCHLORIDE[METFORMIN];,filtered/no_product_image.jpg
AMLODIPINE BESYLATE[AMLODIPINE];ATORVASTATIN CALCIUM TRIHYDRATE[ATORVASTATIN];,filtered/003786169.jpg
METFORMIN HYDROCHLORIDE[METFORMIN];,filtered/604290111.jpg
AMLODIPINE BESYLATE[AMLODIPINE];,filtered/006032110.jpg
METFORMIN HYDROCHLORIDE[METFORMIN];,filtered/680120002.jpg
AMLODIPINE BESYLATE[AMLODIPINE];VALSARTAN[VALSARTAN];,filtered/00093-7692-56_NLMIMAGE10_9143C8CE.jpg
DOXYCYCLINE HYCLATE[DOXYCYCLINE ANHYDROUS];,filtered/00591-5440-50_RXNAVIMAGE10_B834DC76.jpg
IBUPROFEN[IBUPROFEN];,filtered/67877-0296-05_NLMIMAGE10_9A40CD46.jpg
DICLOFENAC SODIUM[DICLOFENAC];,filtered/007811789.jpg
NIFEDIPINE[NIFEDIPINE];,filtered/no_product_image.jpg
AMLODIPINE BESYLATE[AMLODIPINE];BENAZEPRIL HYDROCHLORIDE[BENAZEPRILAT];,filtered/003786896.jpg
AMLODIPINE BESYLATE[AMLODIPINE];,filtered/00093-7168-98_4229A13D.jpg
SAXAGLIPTIN HYDROCHLORIDE[SAXAGLIPTIN ANHYDROUS];METFORMIN HYDROCHLORIDE[METFORMIN];,filtered/003106145.jpg
METFORMIN HYDROCHLORIDE[METFORMIN];,filtered/7d770bd7-320a-1da5-e053-2991aa0afa88.jpg
CIPROFLOXACIN HYDROCHLORIDE[CIPROFLOXACIN];,filtered/88de5de3-8e49-71f6-e053-2a95a90a160e.jpg
OMEPRAZOLE MAGNESIUM[OMEPRAZOLE];,filtered/001860742.jpg
AMLODIPINE[AMLODIPINE];VALSARTAN[VALSARTAN];,filtered/49884-0574-11_NLMIMAGE10_973ECBA6.jpg
METFORMIN HYDROCHLORIDE[METFORMIN];,filtered/6e7691d8-5062-6212-e053-2a91aa0ab86d.jpg
DOXYCYCLINE HYCLATE[DOXYCYCLINE ANHYDROUS];,filtered/005271336.jpg
METFORMIN HYDROCHLORIDE[METFORMIN];,filtered/6155f7ff-cedc-8d75-e053-2a91aa0a2b0d.jpg
CIPROFLOXACIN HYDROCHLORIDE[CIPROFLOXACIN];,filtered/614420222.jpg
AMLODIPINE BESYLATE[AMLODIPINE];VALSARTAN[VALSARTAN];HYDROCHLOROTHIAZIDE[HYDROCHLOROTHIAZIDE];,filtered/007815756.jpg
OMEPRAZOLE[OMEPRAZOLE];,filtered/40_mg_Omeprazole_DR_Capsule.jpg
AMLODIPINE BESYLATE[AMLODIPINE];BENAZEPRIL HYDROCHLORIDE[BENAZEPRILAT];,filtered/00093737201.jpg
DOXYCYCLINE HYCLATE[DOXYCYCLINE ANHYDROUS];,filtered/009040430.jpg
CIPROFLOXACIN HYDROCHLORIDE[CIPROFLOXACIN];,filtered/551110126.jpg
NIFEDIPINE[NIFEDIPINE];,filtered/597621004.jpg
AMLODIPINE BESYLATE[AMLODIPINE];VALSARTAN[VALSARTAN];HYDROCHLOROTHIAZIDE[HYDROCHLOROTHIAZIDE];,filtered/000780563.jpg
METFORMIN HYDROCHLORIDE[METFORMIN];,filtered/502680531.jpg
DICLOFENAC POTASSIUM[DICLOFENAC];,filtered/00093094801.jpg
CIPROFLOXACIN HYDROCHLORIDE[CIPROFLOXACIN];,filtered/00172-5313-60_BC27DE7E.jpg
OMEPRAZOLE[OMEPRAZOLE];,filtered/604290270.jpg
AMLODIPINE BESYLATE[AMLODIPINE];,filtered/31722-0238-10_E4047243.jpg
OMEPRAZOLE[OMEPRAZOLE];,filtered/621750118.jpg
LORATADINE[LORATADINE];PSEUDOEPHEDRINE SULFATE[PSEUDOEPHEDRINE];,filtered/009045833.jpg
METFORMIN HYDROCHLORIDE[METFORMIN];,filtered/604290725.jpg
GLYBURIDE[GLYBURIDE];METFORMIN HYDROCHLORIDE[METFORMIN];,filtered/000876074.jpg
NIFEDIPINE[NIFEDIPINE];,filtered/62175-0262-37_94084A22.jpg
NIFEDIPINE[NIFEDIPINE];,filtered/71f9e3bb-e69d-5387-e053-2a95a90a9fc5.jpg
DICLOFENAC SODIUM[DICLOFENAC];MISOPROSTOL[MISOPROSTOL];,filtered/597620028.jpg
DOXYCYCLINE HYCLATE[DOXYCYCLINE ANHYDROUS];,filtered/no_product_image.jpg
DOXYCYCLINE[DOXYCYCLINE ANHYDROUS];,filtered/8d7d1718-29dd-fa97-e053-2a95a90a9702.jpg
NIFEDIPINE[NIFEDIPINE];,filtered/003780360.jpg
NIFEDIPINE[NIFEDIPINE];,filtered/00069-2600-66_3A211D78.jpg
AMLODIPINE BESYLATE[AMLODIPINE];,filtered/433530691.jpg
DICLOFENAC SODIUM[DICLOFENAC];,filtered/003786281.jpg
METFORMIN HYDROCHLORIDE[METFORMIN];,filtered/000876063.jpg
AMLODIPINE BESYLATE[AMLODIPINE];ATORVASTATIN CALCIUM TRIHYDRATE[ATORVASTATIN];,filtered/633040503.jpg
AMLODIPINE BESYLATE[AMLODIPINE];,filtered/605050194.jpg
AMLODIPINE BESYLATE[AMLODIPINE];ATORVASTATIN CALCIUM TRIHYDRATE[ATORVASTATIN];,filtered/597626712.jpg
DICLOFENAC SODIUM[DICLOFENAC];,filtered/005910339.jpg
METHYLPREDNISOLONE[METHYLPREDNISOLONE];,filtered/000090056.jpg
NIFEDIPINE[NIFEDIPINE];,filtered/002282530.jpg
OMEPRAZOLE[OMEPRAZOLE];,filtered/009045684.jpg
DOXYCYCLINE HYCLATE[DOXYCYCLINE ANHYDROUS];,filtered/000690950.jpg
GLIPIZIDE[GLIPIZIDE];METFORMIN HYDROCHLORIDE[METFORMIN];,filtered/23155-0116-01_NLMIMAGE10_BD3B5E8A.jpg
AMLODIPINE BESYLATE[AMLODIPINE];BENAZEPRIL HYDROCHLORIDE[BENAZEPRILAT];,filtered/00093737201.jpg
PIOGLITAZONE HYDROCHLORIDE[PIOGLITAZONE];METFORMIN HYDROCHLORIDE[METFORMIN];,filtered/647640510.jpg
CIPROFLOXACIN HYDROCHLORIDE[CIPROFLOXACIN];,filtered/001439929.jpg
DOXYCYCLINE HYCLATE[DOXYCYCLINE ANHYDROUS];,filtered/604290069.jpg
AMLODIPINE BESYLATE[AMLODIPINE];VALSARTAN[VALSARTAN];,filtered/00378-1724-93_NLMIMAGE10_344B1A48.jpg
AMLODIPINE BESYLATE[AMLODIPINE];BENAZEPRIL HYDROCHLORIDE[BENAZEPRILAT];,filtered/00093767101.jpg
METFORMIN HYDROCHLORIDE[METFORMIN];,filtered/59630-0575-60_9707CB9E.jpg
NIFEDIPINE[NIFEDIPINE];,filtered/00093-2059-01_NLMIMAGE10_5B38ADD5.jpg
METFORMIN HYDROCHLORIDE[METFORMIN];,filtered/001850221.jpg
ARTEMETHER[ARTEMETHER];LUMEFANTRINE[LUMEFANTRINE];,filtered/00078-0568-45_NLMIMAGE10_6C443641.jpg
DICLOFENAC SODIUM[DICLOFENAC];MISOPROSTOL[MISOPROSTOL];,filtered/00025-1411-60_C812E407.jpg
GLIPIZIDE[GLIPIZIDE];METFORMIN HYDROCHLORIDE[METFORMIN];,filtered/00093745701.jpg
DOXYCYCLINE HYCLATE[DOXYCYCLINE ANHYDROUS];,filtered/004300112.jpg
OMEPRAZOLE[OMEPRAZOLE];SODIUM BICARBONATE[BICARBONATE ION];,filtered/68012-0104-30_EE1DF76F.jpg
SAXAGLIPTIN HYDROCHLORIDE[SAXAGLIPTIN ANHYDROUS];METFORMIN HYDROCHLORIDE[METFORMIN];,filtered/000034221.jpg
OMEPRAZOLE[OMEPRAZOLE];,filtered/55111-0157-30_D70E6BE3.jpg
OMEPRAZOLE[OMEPRAZOLE];,filtered/62175-0114-32_D50E6A93.jpg
AMLODIPINE BESYLATE[AMLODIPINE];VALSARTAN[VALSARTAN];,filtered/00093-7691-56_NLMIMAGE10_9A43CD1E.jpg
IBUPROFEN[IBUPROFEN];,filtered/50844-0291-08_NLMIMAGE10_6335B1AD.jpg
HYDROCODONE BITARTRATE[HYDROCODONE];IBUPROFEN[IBUPROFEN];,filtered/537460117.jpg
AMLODIPINE BESYLATE[AMLODIPINE];,filtered/31722-0239-10_E90474E3.jpg
GLIPIZIDE[GLIPIZIDE];METFORMIN HYDROCHLORIDE[METFORMIN];,filtered/422910306.jpg
AMLODIPINE BESYLATE[AMLODIPINE];BENAZEPRIL HYDROCHLORIDE[BENAZEPRILAT];,filtered/00093737001.jpg
GLYBURIDE[GLYBURIDE];METFORMIN HYDROCHLORIDE[METFORMIN];,filtered/000876073.jpg
LORATADINE[LORATADINE];,filtered/309.jpg
SAXAGLIPTIN HYDROCHLORIDE[SAXAGLIPTIN ANHYDROUS];METFORMIN HYDROCHLORIDE[METFORMIN];,filtered/003106135.jpg
LORATADINE[LORATADINE];,filtered/115237160.jpg
LINAGLIPTIN[LINAGLIPTIN];METFORMIN HYDROCHLORIDE[METFORMIN];,filtered/005970148.jpg
AMLODIPINE BESYLATE[AMLODIPINE];VALSARTAN[VALSARTAN];HYDROCHLOROTHIAZIDE[HYDROCHLOROTHIAZIDE];,filtered/000780562.jpg
METFORMIN HYDROCHLORIDE[METFORMIN];,filtered/009046344.jpg
METHYLPREDNISOLONE[METHYLPREDNISOLONE],filtered/597623327.jpg
AMLODIPINE BESYLATE[AMLODIPINE];,filtered/651620006.jpg
DICLOFENAC SODIUM[DICLOFENAC];MISOPROSTOL[MISOPROSTOL];,filtered/422910232.jpg
GLIPIZIDE[GLIPIZIDE];METFORMIN HYDROCHLORIDE[METFORMIN];,filtered/00378-3131-01_NLMIMAGE10_8C464612.jpg
OMEPRAZOLE[OMEPRAZOLE];,filtered/68462-0231-10_NLMIMAGE10_0B45858C.jpg
AMLODIPINE BESYLATE[AMLODIPINE];ATORVASTATIN CALCIUM TRIHYDRATE[ATORVASTATIN];,filtered/003786166.jpg
METHYLPREDNISOLONE[METHYLPREDNISOLONE];,filtered/007815022.jpg
DICLOFENAC SODIUM[DICLOFENAC];,filtered/16571-0202-10_NLMIMAGE10_6A48B525.jpg
AMLODIPINE BESYLATE[AMLODIPINE];,filtered/003785208.jpg
OMEPRAZOLE[OMEPRAZOLE];,filtered/60505-0065-00_SPLIMAGE30_412920F9.jpg
AMLODIPINE BESYLATE[AMLODIPINE];,filtered/605050195.jpg
IBUPROFEN[IBUPROFEN];,filtered/009041748.jpg
NIFEDIPINE[NIFEDIPINE];,filtered/59762-6690-05_96084B72.jpg
METHYLPREDNISOLONE[METHYLPREDNISOLONE];,filtered/000090073.jpg
METFORMIN HYDROCHLORIDE[METFORMIN];,filtered/009046345.jpg
AMLODIPINE BESYLATE[AMLODIPINE];BENAZEPRIL HYDROCHLORIDE[BENAZEPRILAT];,filtered/00093737301.jpg
"SILICON DIOXIDE[];STARCH, CORN[];MODIFIED CORN STARCH (1-OCTENYL SUCCINIC ANHYDRIDE)[];MAGNESIUM STEARATE[];CELLULOSE, MICROCRYSTALLINE[];SODIUM STARCH GLYCOLATE TYPE A CORN[];HYPROMELLOSE, UNSPECIFIED[];TITANIUM DIOXIDE[];POLYETHYLENE GLYCOL, UNSPECIFIED[];CIPROFLOXACIN HYDROCHLORIDE[CIPROFLOXACIN];",filtered/83a0206a-9511-1824-e053-2a91aa0a0a05.jpg
IBUPROFEN[IBUPROFEN];,filtered/005730150.jpg
IBUPROFEN[IBUPROFEN];,filtered/637390442.jpg
DICLOFENAC SODIUM[DICLOFENAC];,filtered/00228-2550-06_412320F9.jpg
DESLORATADINE[DESLORATADINE];PSEUDOEPHEDRINE SULFATE[PSEUDOEPHEDRINE];,filtered/00085-1322-01_CF07E78F.jpg
CIPROFLOXACIN HYDROCHLORIDE[CIPROFLOXACIN];,filtered/88de6337-6866-7248-e053-2a95a90ae412.jpg
IBUPROFEN[IBUPROFEN];,filtered/433530389.jpg
METFORMIN HYDROCHLORIDE[METFORMIN];,filtered/605050192.jpg
NIFEDIPINE[NIFEDIPINE];,filtered/88dfac9a-c7e0-01be-e053-2995a90a6d40.jpg
NIFEDIPINE[NIFEDIPINE];,filtered/59762-6691-05_9A084D22.jpg
AMLODIPINE BESYLATE[AMLODIPINE];ATORVASTATIN CALCIUM TRIHYDRATE[ATORVASTATIN];,filtered/633040499.jpg
DESLORATADINE[DESLORATADINE];,filtered/422910229.jpg
DOXYCYCLINE HYCLATE[DOXYCYCLINE ANHYDROUS];,filtered/690970225.jpg
AMLODIPINE BESYLATE[AMLODIPINE];,filtered/no_product_image.jpg
NIFEDIPINE[NIFEDIPINE];,filtered/50419-0703-05_SPLIMAGE30_4F1927B9.jpg
AMLODIPINE BESYLATE[AMLODIPINE];,filtered/8d81521d-9e6d-1acf-e053-2995a90a9242.jpg
METFORMIN HYDROCHLORIDE[METFORMIN],filtered/003780350.jpg
AMLODIPINE BESYLATE[AMLODIPINE];,filtered/8d812117-d273-b47b-e053-2a95a90ad57b.jpg
METFORMIN HYDROCHLORIDE[METFORMIN];,filtered/009046108.jpg
AMLODIPINE BESYLATE[AMLODIPINE];BENAZEPRIL HYDROCHLORIDE[BENAZEPRILAT];,filtered/00093737101.jpg
OMEPRAZOLE[OMEPRAZOLE];,filtered/60505-0065-00_SPLIMAGE30_412920F9.jpg
METHYLPREDNISOLONE[METHYLPREDNISOLONE];,filtered/00603-4593-21_RXNAVIMAGE10_7E12BF45.jpg
OMEPRAZOLE[OMEPRAZOLE];,filtered/60505-0065-00_SPLIMAGE30_412920F9.jpg
DICLOFENAC POTASSIUM[DICLOFENAC];,filtered/00093094801.jpg
GLYBURIDE[GLYBURIDE];METFORMIN HYDROCHLORIDE[METFORMIN];,filtered/00093-5711-01_3A2B9D5C.jpg
AMLODIPINE[AMLODIPINE];VALSARTAN[VALSARTAN];,filtered/49884-0576-11_NLMIMAGE10_BA3F5D3A.jpg
DOXYCYCLINE HYCLATE[DOXYCYCLINE ANHYDROUS];,filtered/246580312.jpg
NIFEDIPINE[NIFEDIPINE];,filtered/7df2b505-952f-0bd1-e053-2991aa0ad810.jpg
METFORMIN HYDROCHLORIDE[METFORMIN];,filtered/500_mg_Metformin_HCL_Tablet.jpg
METFORMIN HYDROCHLORIDE[METFORMIN];,filtered/422910605.jpg
ESOMEPRAZOLE MAGNESIUM DIHYDRATE[ESOMEPRAZOLE];,filtered/00093-6450-56_NLMIMAGE10_C542E2E7.jpg
IBUPROFEN[IBUPROFEN];,filtered/Ibuprofen_Major__400mg.jpg
CIPROFLOXACIN HYDROCHLORIDE[CIPROFLOXACIN];,filtered/658620078.jpg
LORATADINE[LORATADINE];,filtered/51660-0526-05_BF16DFA6.jpg
CIPROFLOXACIN HYDROCHLORIDE[CIPROFLOXACIN];,filtered/001439928.jpg
OMEPRAZOLE[OMEPRAZOLE];,filtered/00781-2233-01_NLMIMAGE10_70493869.jpg
METHYLPREDNISOLONE[METHYLPREDNISOLONE];,filtered/000090049.jpg
AMLODIPINE BESYLATE[AMLODIPINE];BENAZEPRIL HYDROCHLORIDE[BENAZEPRILAT];,filtered/00093737301.jpg
DESLORATADINE[DESLORATADINE] / PSEUDOEPHEDRINE SULFATE[PSEUDOEPHEDRINE],filtered/00085-1317-01_D307E9CF.jpg
AMLODIPINE BESYLATE[AMLODIPINE];ATORVASTATIN CALCIUM TRIHYDRATE[ATORVASTATIN];,filtered/597626710.jpg
NIFEDIPINE[NIFEDIPINE];,filtered/no_product_image.jpg
HYDROCODONE BITARTRATE[HYDROCODONE];IBUPROFEN[IBUPROFEN];,filtered/62037-0524-05_B015D80E.jpg
METFORMIN HYDROCHLORIDE[METFORMIN];,filtered/1000_mg_Metformin_HCl_Tablet.jpg
METFORMIN HYDROCHLORIDE[METFORMIN];,filtered/7d76e987-5883-5a68-e053-2991aa0a47e7.jpg
AMLODIPINE BESYLATE[AMLODIPINE];BENAZEPRIL HYDROCHLORIDE[BENAZEPRILAT];,filtered/000780405.jpg
AMLODIPINE BESYLATE[AMLODIPINE];,filtered/433530684.jpg
AMLODIPINE BESYLATE[AMLODIPINE];ATORVASTATIN CALCIUM TRIHYDRATE[ATORVASTATIN];,filtered/633040500.jpg
AMLODIPINE BESYLATE[AMLODIPINE];ATORVASTATIN CALCIUM TRIHYDRATE[ATORVASTATIN];,filtered/003786163.jpg
METFORMIN HYDROCHLORIDE[METFORMIN];,filtered/23155-0103-10_NLMIMAGE10_793C3C81.jpg
DICLOFENAC SODIUM[DICLOFENAC];,filtered/604290057.jpg
IBUPROFEN[IBUPROFEN];,filtered/7bcde04b-267c-1dfa-e053-2991aa0ac48c.jpg
OMEPRAZOLE[OMEPRAZOLE];,filtered/510790007.jpg
DICLOFENAC POTASSIUM[DICLOFENAC];,filtered/00093094801.jpg
IBUPROFEN[IBUPROFEN];,filtered/53746-0466-05_8B0845D2.jpg
NIFEDIPINE[NIFEDIPINE];,filtered/88dfeed5-e2a3-df80-e053-2a95a90a0dc0.jpg
NIFEDIPINE[NIFEDIPINE];,filtered/636293750.jpg
IBUPROFEN[IBUPROFEN];,filtered/7bcdf1bb-88eb-3a48-e053-2a91aa0a9b05.jpg
GLIPIZIDE[GLIPIZIDE];METFORMIN HYDROCHLORIDE[METFORMIN];,filtered/00093745601.jpg
DOXYCYCLINE HYCLATE[DOXYCYCLINE ANHYDROUS];,filtered/67253-0391-50_NLMIMAGE10_81404092.jpg
OMEPRAZOLE[OMEPRAZOLE];,filtered/00378-6150-10_8112C096.jpg
DICLOFENAC POTASSIUM[DICLOFENAC];,filtered/00093094801.jpg
GLIPIZIDE[GLIPIZIDE];METFORMIN HYDROCHLORIDE[METFORMIN];,filtered/00093745601.jpg
LORATADINE[LORATADINE];,filtered/6ac2ae68-4a74-6c90-e053-2991aa0a42cb.jpg
IBUPROFEN[IBUPROFEN];,filtered/53746-0464-05_1007884C.jpg
AMLODIPINE BESYLATE[AMLODIPINE];,filtered/29300-0243-10_NLMIMAGE10_8A3DC52E.jpg
NIFEDIPINE[NIFEDIPINE];,filtered/003780481.jpg
PIOGLITAZONE HYDROCHLORIDE[PIOGLITAZONE];METFORMIN HYDROCHLORIDE[METFORMIN];,filtered/647640158.jpg
DICLOFENAC SODIUM[DICLOFENAC];MISOPROSTOL[MISOPROSTOL];,filtered/422910233.jpg
GLIPIZIDE[GLIPIZIDE];METFORMIN HYDROCHLORIDE[METFORMIN];,filtered/00093745701.jpg
DESLORATADINE[DESLORATADINE];,filtered/00085-1264-01_CC07E63F.jpg
ALISKIREN HEMIFUMARATE[ALISKIREN];AMLODIPINE BESYLATE[AMLODIPINE];HYDROCHLOROTHIAZIDE[HYDROCHLOROTHIAZIDE];,filtered/000780610.jpg
AMLODIPINE BESYLATE[AMLODIPINE];ATORVASTATIN CALCIUM TRIHYDRATE[ATORVASTATIN];,filtered/597626722.jpg
GLYBURIDE[GLYBURIDE];METFORMIN HYDROCHLORIDE[METFORMIN];,filtered/23155-0234-05_NLMIMAGE10_6B3B35A9.jpg
AMLODIPINE BESYLATE[AMLODIPINE];,filtered/000691520.jpg
DOXYCYCLINE HYCLATE[DOXYCYCLINE ANHYDROUS];,filtered/422910250.jpg
NIFEDIPINE[NIFEDIPINE];,filtered/433530792.jpg
DICLOFENAC POTASSIUM[DICLOFENAC];,filtered/00093094801.jpg
METFORMIN HYDROCHLORIDE[METFORMIN];,filtered/00093-7212-01_9F23CF8E.jpg
NIFEDIPINE[NIFEDIPINE],filtered/677670151.jpg
DOXYCYCLINE HYCLATE[DOXYCYCLINE ANHYDROUS];,filtered/WWW21120.jpg
DICLOFENAC SODIUM[DICLOFENAC];,filtered/433530784.jpg
OMEPRAZOLE[OMEPRAZOLE];SODIUM BICARBONATE[BICARBONATE ION];,filtered/669930412.jpg
IBUPROFEN[IBUPROFEN];,filtered/009045854.jpg
DICLOFENAC SODIUM[DICLOFENAC];,filtered/003786280.jpg
METFORMIN HYDROCHLORIDE[METFORMIN];,filtered/6155f7ff-cedc-8d75-e053-2a91aa0a2b0d.jpg
METFORMIN HYDROCHLORIDE[METFORMIN];,filtered/000876071.jpg
DICLOFENAC POTASSIUM[DICLOFENAC];,filtered/00093094801.jpg
AMLODIPINE BESYLATE[AMLODIPINE];VALSARTAN[VALSARTAN];HYDROCHLOROTHIAZIDE[HYDROCHLOROTHIAZIDE];,filtered/00093-7807-56_NLMIMAGE10_8443C20E.jpg
NIFEDIPINE[NIFEDIPINE];,filtered/5e20a7f1-71ba-4604-e053-2a91aa0af860.jpg
AMLODIPINE BESYLATE[AMLODIPINE];ATORVASTATIN CALCIUM TRIHYDRATE[ATORVASTATIN];,filtered/633040587.jpg
NIFEDIPINE[NIFEDIPINE];,filtered/433530750.jpg
DICLOFENAC SODIUM[DICLOFENAC];,filtered/604290058.jpg
IBUPROFEN[IBUPROFEN];,filtered/551110682.jpg
CIPROFLOXACIN HYDROCHLORIDE[CIPROFLOXACIN];,filtered/88de65ac-1e2c-1294-e053-2a95a90a9c3b.jpg
METFORMIN HYDROCHLORIDE[METFORMIN];,filtered/00093104998.jpg
METFORMIN HYDROCHLORIDE[METFORMIN];,filtered/009045851.jpg
DOXYCYCLINE HYCLATE[DOXYCYCLINE ANHYDROUS];,filtered/625840693.jpg
AMLODIPINE BESYLATE[AMLODIPINE];,filtered/597621540.jpg
CIPROFLOXACIN HYDROCHLORIDE[CIPROFLOXACIN];,filtered/162520515.jpg
NIFEDIPINE[NIFEDIPINE];,filtered/003780480.jpg
DOXYCYCLINE[DOXYCYCLINE ANHYDROUS];,filtered/005271338.jpg
OMEPRAZOLE MAGNESIUM[OMEPRAZOLE];,filtered/5d68a4b7-795b-cdae-e053-2a91aa0a1e32.jpg
AMLODIPINE BESYLATE[AMLODIPINE];,filtered/762820239.jpg
AMLODIPINE BESYLATE[AMLODIPINE];,filtered/31722-0237-10_C503E29F.jpg
NAPROXEN[NAPROXEN];ESOMEPRAZOLE MAGNESIUM[ESOMEPRAZOLE];,filtered/00186-0520-60_C41DE20F.jpg
LINAGLIPTIN[LINAGLIPTIN];METFORMIN HYDROCHLORIDE[METFORMIN];,filtered/005970146.jpg
CIPROFLOXACIN HYDROCHLORIDE[CIPROFLOXACIN];,filtered/658620076.jpg
AMLODIPINE BESYLATE[AMLODIPINE];BENAZEPRIL HYDROCHLORIDE[BENAZEPRILAT];,filtered/00093737001.jpg
OMEPRAZOLE[OMEPRAZOLE];,filtered/003785211.jpg
DOXYCYCLINE HYCLATE[DOXYCYCLINE ANHYDROUS];,filtered/009040427.jpg
NIFEDIPINE[NIFEDIPINE];,filtered/498840678.jpg
NIFEDIPINE[NIFEDIPINE];,filtered/650b510b-52a3-4d63-e053-2a91aa0a9915.jpg
DOXYCYCLINE[DOXYCYCLINE ANHYDROUS];,filtered/16110-0259-04_4515A2CD.jpg
DOXYCYCLINE HYCLATE[DOXYCYCLINE ANHYDROUS],filtered/00172-4626-60_6B2DB59D.jpg
DICLOFENAC SODIUM[DICLOFENAC];,filtered/422910230.jpg
METFORMIN HYDROCHLORIDE[METFORMIN];,filtered/6155f7ff-cedc-8d75-e053-2a91aa0a2b0d.jpg
DOXYCYCLINE HYCLATE[DOXYCYCLINE ANHYDROUS];,filtered/003784531.jpg
LORATADINE[LORATADINE];,filtered/007815077.jpg
NIFEDIPINE[NIFEDIPINE];,filtered/650b510b-52a3-4d63-e053-2a91aa0a9915.jpg
AMLODIPINE BESYLATE[AMLODIPINE];BENAZEPRIL HYDROCHLORIDE[BENAZEPRILAT];,filtered/00093737301.jpg
IBUPROFEN[IBUPROFEN];,filtered/67877-0295-05_NLMIMAGE10_9640CB36.jpg
AMLODIPINE BESYLATE[AMLODIPINE];,filtered/597621530.jpg
IBUPROFEN[IBUPROFEN];,filtered/53746-0465-05_C515E2BF.jpg
GLIPIZIDE[GLIPIZIDE];METFORMIN HYDROCHLORIDE[METFORMIN];,filtered/005913972.jpg
NIFEDIPINE[NIFEDIPINE];,filtered/7df2b79e-e940-1048-e053-2991aa0a108b.jpg
METFORMIN HYDROCHLORIDE[METFORMIN];,filtered/433530894.jpg
AMLODIPINE BESYLATE[AMLODIPINE];ATORVASTATIN CALCIUM TRIHYDRATE[ATORVASTATIN];,filtered/633040590.jpg
METHYLPREDNISOLONE[METHYLPREDNISOLONE];,filtered/000090176.jpg
DICLOFENAC SODIUM[DICLOFENAC ];,filtered/16571-0201-11_B205597A.jpg
AMLODIPINE BESYLATE[AMLODIPINE];ATORVASTATIN CALCIUM TRIHYDRATE[ATORVASTATIN];,filtered/633040603.jpg
OMEPRAZOLE[OMEPRAZOLE];,filtered/60505-0065-00_SPLIMAGE30_412920F9.jpg
IBUPROFEN[IBUPROFEN];,filtered/551110683.jpg
NIFEDIPINE[NIFEDIPINE];,filtered/88dfac9a-c7e1-01be-e053-2995a90a6d40.jpg
METFORMIN HYDROCHLORIDE[METFORMIN];,filtered/433530885.jpg
CIPROFLOXACIN HYDROCHLORIDE[CIPROFLOXACIN];,filtered/250_mg_Ciprofloxacin_Tablet.jpg
GLIPIZIDE[GLIPIZIDE];METFORMIN HYDROCHLORIDE[METFORMIN];,filtered/00093745701.jpg
DOXYCYCLINE HYCLATE[DOXYCYCLINE ANHYDROUS];,filtered/683080710.jpg
CIPROFLOXACIN HYDROCHLORIDE[CIPROFLOXACIN];,filtered/422910219.jpg
IBUPROFEN[IBUPROFEN];,filtered/7bcdf1bb-88ec-3a48-e053-2a91aa0a9b05.jpg
METFORMIN HYDROCHLORIDE[METFORMIN];,filtered/00093104898.jpg
GLIPIZIDE[GLIPIZIDE];METFORMIN HYDROCHLORIDE[METFORMIN];,filtered/00093745601.jpg
NIFEDIPINE[NIFEDIPINE];,filtered/00378-3495-01_15238AEC.jpg
OLMESARTAN MEDOXOMIL[OLMESARTAN];AMLODIPINE BESYLATE[AMLODIPINE];HYDROCHLOROTHIAZIDE[HYDROCHLOROTHIAZIDE];,filtered/65597-0118-30_071D83EC.jpg
DICLOFENAC SODIUM[DICLOFENAC];,filtered/422910231.jpg
AMLODIPINE BESYLATE[AMLODIPINE];,filtered/29300-0242-10_NLMIMAGE10_7F45BFDD.jpg
DICLOFENAC SODIUM[DICLOFENAC];,filtered/675440899.jpg
NIFEDIPINE[NIFEDIPINE];,filtered/650b510b-52a3-4d63-e053-2a91aa0a9915.jpg
METFORMIN HYDROCHLORIDE[METFORMIN];,filtered/009045849.jpg
METFORMIN HYDROCHLORIDE[METFORMIN];,filtered/62037-0577-01_10210878.jpg
METFORMIN HYDROCHLORIDE[METFORMIN];,filtered/433530349.jpg
GLYBURIDE[GLYBURIDE];METFORMIN HYDROCHLORIDE[METFORMIN];,filtered/59762-2331-08_9B15CDBE.jpg
METFORMIN HYDROCHLORIDE[METFORMIN];,filtered/433530344.jpg
DOXYCYCLINE HYCLATE[DOXYCYCLINE ANHYDROUS];,filtered/003784532.jpg
NIFEDIPINE[NIFEDIPINE];,filtered/7df2b79e-e940-1048-e053-2991aa0a108b.jpg
ESOMEPRAZOLE MAGNESIUM[ESOMEPRAZOLE];,filtered/005732450.jpg
METFORMIN HYDROCHLORIDE[METFORMIN];,filtered/422910607.jpg
METFORMIN HYDROCHLORIDE[METFORMIN];,filtered/433530842.jpg
AMLODIPINE BESYLATE[AMLODIPINE];BENAZEPRIL HYDROCHLORIDE[BENAZEPRILAT];,filtered/00093737201.jpg
GLIPIZIDE[GLIPIZIDE];METFORMIN HYDROCHLORIDE[METFORMIN];,filtered/00093745601.jpg
GLYBURIDE[GLYBURIDE];METFORMIN HYDROCHLORIDE[METFORMIN];,filtered/675440511.jpg
AMLODIPINE BESYLATE[AMLODIPINE];OLMESARTAN MEDOXOMIL[OLMESARTAN];,filtered/655970110.jpg
NIFEDIPINE[NIFEDIPINE];,filtered/00093-2057-55_NLMIMAGE10_E635F31F.jpg
GLIPIZIDE[GLIPIZIDE];METFORMIN HYDROCHLORIDE[METFORMIN];,filtered/23155-0117-01_NLMIMAGE10_2C461610.jpg
CIPROFLOXACIN HYDROCHLORIDE[CIPROFLOXACIN];,filtered/500_mg_Ciprofloxacin_Tablet.jpg
METFORMIN HYDROCHLORIDE[METFORMIN];,filtered/43547-0250-10_D708EBC7.jpg
METFORMIN HYDROCHLORIDE[METFORMIN];,filtered/009045850.jpg
IBUPROFEN[IBUPROFEN];,filtered/no_product_image.jpg
CIPROFLOXACIN HYDROCHLORIDE[CIPROFLOXACIN];,filtered/55111-0125-06_NLMIMAGE10_1F3B8FDC.jpg
IBUPROFEN[IBUPROFEN];,filtered/009045186.jpg
DICLOFENAC SODIUM[DICLOFENAC];,filtered/76522585-bf72-4964-e053-2991aa0af7a8.jpg
DOXYCYCLINE HYCLATE[DOXYCYCLINE ANHYDROUS];,filtered/005915535.jpg
AMLODIPINE BESYLATE[AMLODIPINE];ATORVASTATIN CALCIUM TRIHYDRATE[ATORVASTATIN];,filtered/633040589.jpg
PIOGLITAZONE HYDROCHLORIDE[PIOGLITAZONE];METFORMIN HYDROCHLORIDE[METFORMIN];,filtered/00093-7677-86_NLMIMAGE10_5643AB5D.jpg
GLIPIZIDE[GLIPIZIDE];METFORMIN HYDROCHLORIDE[METFORMIN];,filtered/00093745701.jpg
NIFEDIPINE[NIFEDIPINE];,filtered/433530782.jpg
IBUPROFEN[IBUPROFEN];,filtered/009045187.jpg
AMLODIPINE BESYLATE[AMLODIPINE];,filtered/8d81521d-9e6c-1acf-e053-2995a90a9242.jpg
DOXYCYCLINE HYCLATE[DOXYCYCLINE ANHYDROUS];,filtered/100_mg_Doxycycline_Hyclate_Capsule.jpg
"CIPROFLOXACIN HYDROCHLORIDE[CIPROFLOXACIN];SILICON DIOXIDE[];STARCH, CORN[];MODIFIED CORN STARCH (1-OCTENYL SUCCINIC ANHYDRIDE)[];MAGNESIUM STEARATE[];MICROCRYSTALLINE CELLULOSE[];SODIUM STARCH GLYCOLATE TYPE A CORN[];HYPROMELLOSE, UNSPECIFIED[];TITANIUM DIOXIDE[];POLYETHYLENE GLYCOL, UNSPECIFIED[];",filtered/83a0206a-9511-1824-e053-2a91aa0a0a05.jpg
OMEPRAZOLE[OMEPRAZOLE];,filtered/675440510.jpg
HYDROCODONE BITARTRATE[HYDROCODONE];IBUPROFEN[IBUPROFEN];,filtered/7.5_mg-200_mg_Hydrocodone-IBU_Tablet.jpg
IBUPROFEN[IBUPROFEN];,filtered/no_product_image.jpg
IBUPROFEN[IBUPROFEN];,filtered/Ibuprofen_Major__800mg.jpg
OMEPRAZOLE[OMEPRAZOLE];,filtered/60505-0065-00_SPLIMAGE30_412920F9.jpg
OMEPRAZOLE[OMEPRAZOLE];,filtered/20_mg_Omeprazole_DR_Capsule.jpg
OMEPRAZOLE[OMEPRAZOLE];,filtered/60505-0146-00_SPLIMAGE30_46292339.jpg
DOXYCYCLINE HYCLATE[DOXYCYCLINE ANHYDROUS];,filtered/00378-3030-01_NLMIMAGE10_093984BC.jpg
IBUPROFEN[IBUPROFEN];,filtered/Ibuprofen_Major__600mg.jpg
METFORMIN HYDROCHLORIDE[METFORMIN];,filtered/850_mg_Metformin_HCL_Tablet.jpg
DICLOFENAC SODIUM[DICLOFENAC];,filtered/675440840.jpg
METFORMIN HYDROCHLORIDE[METFORMIN];,filtered/6e7691d8-5062-6212-e053-2a91aa0ab86d.jpg
GLIPIZIDE[GLIPIZIDE];METFORMIN HYDROCHLORIDE[METFORMIN];,filtered/00093745601.jpg
NIFEDIPINE[NIFEDIPINE];,filtered/650b510b-52a3-4d63-e053-2a91aa0a9915.jpg
AMLODIPINE BESYLATE[AMLODIPINE];BENAZEPRIL HYDROCHLORIDE[BENAZEPRILAT];,filtered/00093767001.jpg
GLIPIZIDE[GLIPIZIDE];METFORMIN HYDROCHLORIDE[METFORMIN];,filtered/00093745701.jpg
"SILICON DIOXIDE[];STARCH, CORN[];MODIFIED CORN STARCH (1-OCTENYL SUCCINIC ANHYDRIDE)[];MAGNESIUM STEARATE[];CELLULOSE, MICROCRYSTALLINE[];SODIUM STARCH GLYCOLATE TYPE A CORN[];HYPROMELLOSE, UNSPECIFIED[];TITANIUM DIOXIDE[];POLYETHYLENE GLYCOL, UNSPECIFIED[];CIPROFLOXACIN HYDROCHLORIDE[CIPROFLOXACIN];",filtered/83a02505-7395-456b-e053-2991aa0a4528.jpg
METFORMIN HYDROCHLORIDE[METFORMIN];,filtered/433530936.jpg
METFORMIN HYDROCHLORIDE[METFORMIN];,filtered/009046092.jpg
IBUPROFEN[IBUPROFEN];,filtered/009045855.jpg
GLIPIZIDE[GLIPIZIDE];METFORMIN HYDROCHLORIDE[METFORMIN];,filtered/00093745701.jpg
IBUPROFEN[IBUPROFEN];,filtered/433530393.jpg
IBUPROFEN[IBUPROFEN];,filtered/009045853.jpg
DOXYCYCLINE[DOXYCYCLINE ANHYDROUS];,filtered/002993822.jpg
METFORMIN HYDROCHLORIDE[METFORMIN];,filtered/009046343.jpg
DICLOFENAC POTASSIUM[DICLOFENAC];,filtered/00093094801.jpg
METFORMIN HYDROCHLORIDE[METFORMIN];,filtered/009046107.jpg
DOXYCYCLINE HYCLATE[DOXYCYCLINE ANHYDROUS];,filtered/422910248.jpg
NIFEDIPINE[NIFEDIPINE];,filtered/71f9e3bb-e69e-5387-e053-2a95a90a9fc5.jpg
GLIPIZIDE[GLIPIZIDE];METFORMIN HYDROCHLORIDE[METFORMIN];,filtered/422910305.jpg
METFORMIN HYDROCHLORIDE[METFORMIN];,filtered/433530340.jpg
DOXYCYCLINE HYCLATE[DOXYCYCLINE ANHYDROUS];,filtered/009040428.jpg
IBUPROFEN[IBUPROFEN];,filtered/53746-0465-05_C515E2BF.jpg
METFORMIN HYDROCHLORIDE[METFORMIN];,filtered/422910611.jpg
METFORMIN HYDROCHLORIDE[METFORMIN];,filtered/627560142.jpg
AMLODIPINE BESYLATE[AMLODIPINE];BENAZEPRIL HYDROCHLORIDE[BENAZEPRILAT];,filtered/00078-0406-05_5E15AF2D.jpg
NIFEDIPINE[NIFEDIPINE];,filtered/no_product_image.jpg
SAXAGLIPTIN HYDROCHLORIDE[SAXAGLIPTIN ANHYDROUS];METFORMIN HYDROCHLORIDE[METFORMIN];,filtered/00003-4222-16_F215F93F.jpg
PIOGLITAZONE HYDROCHLORIDE[PIOGLITAZONE];METFORMIN HYDROCHLORIDE[METFORMIN];,filtered/003781550.jpg
AMLODIPINE BESYLATE[AMLODIPINE];ATORVASTATIN CALCIUM TRIHYDRATE[ATORVASTATIN];,filtered/597626733.jpg
METFORMIN HYDROCHLORIDE[METFORMIN];,filtered/62756-0143-01_E408F257.jpg
GLYBURIDE[GLYBURIDE];METFORMIN HYDROCHLORIDE[METFORMIN];,filtered/002282753.jpg
AMLODIPINE BESYLATE[AMLODIPINE];VALSARTAN[VALSARTAN];HYDROCHLOROTHIAZIDE[HYDROCHLOROTHIAZIDE];,filtered/000780559.jpg
AMLODIPINE BESYLATE[AMLODIPINE];BENAZEPRIL HYDROCHLORIDE[BENAZEPRILAT];,filtered/55111-0339-01_6D03B6BD.jpg
ESOMEPRAZOLE MAGNESIUM[ESOMEPRAZOLE];,filtered/00186-5020-31_C71B63CB.jpg
AMLODIPINE BESYLATE[AMLODIPINE];ATORVASTATIN CALCIUM TRIHYDRATE[ATORVASTATIN];,filtered/003786167.jpg
METFORMIN HYDROCHLORIDE[METFORMIN];,filtered/537460179.jpg
IBUPROFEN[IBUPROFEN];,filtered/no_product_image.jpg
AMLODIPINE BESYLATE[AMLODIPINE];,filtered/009046188.jpg
AMLODIPINE BESYLATE[AMLODIPINE];,filtered/00093-0083-98_3B299DDC.jpg
DOXYCYCLINE HYCLATE[DOXYCYCLINE ANHYDROUS];,filtered/604290068.jpg
